{
  "version": "1.15.2",
  "previousVersion": "1.14.4",
  "added": [
    "bee_nest.png",
    "bee_spawn_egg.png",
    "beehive.png",
    "honey_block.png",
    "honey_bottle.png",
    "honeycomb.png",
    "honeycomb_block.png"
  ],
  "modified": [
    "acacia_leaves.png",
    "birch_leaves.png",
    "black_banner.png",
    "black_bed.png",
    "blue_banner.png",
    "blue_bed.png",
    "brown_banner.png",
    "brown_bed.png",
    "chain_command_block.png",
    "clock.png",
    "command_block.png",
    "compass.png",
    "cyan_banner.png",
    "cyan_bed.png",
    "dark_oak_leaves.png",
    "debug_stick.png",
    "dolphin_spawn_egg.png",
    "enchanted_book.png",
    "enchanted_golden_apple.png",
    "end_crystal.png",
    "experience_bottle.png",
    "grass_block.png",
    "gray_banner.png",
    "gray_bed.png",
    "gray_glazed_terracotta.png",
    "green_banner.png",
    "green_bed.png",
    "jungle_leaves.png",
    "light_blue_banner.png",
    "light_blue_bed.png",
    "light_gray_banner.png",
    "light_gray_bed.png",
    "light_gray_glazed_terracotta.png",
    "light_gray_stained_glass.png",
    "lime_banner.png",
    "lime_bed.png",
    "magenta_banner.png",
    "magenta_bed.png",
    "magma_block.png",
    "mooshroom_spawn_egg.png",
    "nether_star.png",
    "oak_leaves.png",
    "oak_trapdoor.png",
    "observer.png",
    "orange_banner.png",
    "orange_bed.png",
    "pink_banner.png",
    "pink_bed.png",
    "piston.png",
    "prismarine.png",
    "purple_banner.png",
    "purple_bed.png",
    "red_banner.png",
    "red_bed.png",
    "repeating_command_block.png",
    "sea_lantern.png",
    "shield.png",
    "smooth_stone_slab.png",
    "spruce_leaves.png",
    "sticky_piston.png",
    "stonecutter.png",
    "white_banner.png",
    "white_bed.png",
    "white_concrete_powder.png",
    "written_book.png",
    "yellow_banner.png",
    "yellow_bed.png"
  ],
  "removed": [
    "cactus_green.png",
    "dandelion_yellow.png",
    "rose_red.png",
    "sign.png"
  ],
  "totalChanges": 78,
  "createdAt": "2025-05-03T12:22:32.196114"
}