{
  "version": "1.20.6",
  "previousVersion": "1.19.4",
  "added": [
    "acacia_hanging_sign.png",
    "angler_pottery_sherd.png",
    "archer_pottery_sherd.png",
    "armadillo_scute.png",
    "armadillo_spawn_egg.png",
    "arms_up_pottery_sherd.png",
    "bamboo_block.png",
    "bamboo_button.png",
    "bamboo_chest_raft.png",
    "bamboo_door.png",
    "bamboo_fence.png",
    "bamboo_fence_gate.png",
    "bamboo_hanging_sign.png",
    "bamboo_mosaic.png",
    "bamboo_mosaic_slab.png",
    "bamboo_mosaic_stairs.png",
    "bamboo_planks.png",
    "bamboo_pressure_plate.png",
    "bamboo_raft.png",
    "bamboo_sign.png",
    "bamboo_slab.png",
    "bamboo_stairs.png",
    "bamboo_trapdoor.png",
    "birch_hanging_sign.png",
    "blade_pottery_sherd.png",
    "brewer_pottery_sherd.png",
    "brush.png",
    "burn_pottery_sherd.png",
    "calibrated_sculk_sensor.png",
    "camel_spawn_egg.png",
    "cherry_boat.png",
    "cherry_button.png",
    "cherry_chest_boat.png",
    "cherry_door.png",
    "cherry_fence.png",
    "cherry_fence_gate.png",
    "cherry_hanging_sign.png",
    "cherry_leaves.png",
    "cherry_log.png",
    "cherry_planks.png",
    "cherry_pressure_plate.png",
    "cherry_sapling.png",
    "cherry_sign.png",
    "cherry_slab.png",
    "cherry_stairs.png",
    "cherry_trapdoor.png",
    "cherry_wood.png",
    "chiseled_bookshelf.png",
    "coast_armor_trim_smithing_template.png",
    "crimson_hanging_sign.png",
    "danger_pottery_sherd.png",
    "dark_oak_hanging_sign.png",
    "decorated_pot.png",
    "dune_armor_trim_smithing_template.png",
    "explorer_pottery_sherd.png",
    "eye_armor_trim_smithing_template.png",
    "friend_pottery_sherd.png",
    "heart_pottery_sherd.png",
    "heartbreak_pottery_sherd.png",
    "host_armor_trim_smithing_template.png",
    "howl_pottery_sherd.png",
    "jungle_hanging_sign.png",
    "mangrove_hanging_sign.png",
    "miner_pottery_sherd.png",
    "mourner_pottery_sherd.png",
    "music_disc_relic.png",
    "netherite_upgrade_smithing_template.png",
    "oak_hanging_sign.png",
    "piglin_head.png",
    "pink_petals.png",
    "pitcher_plant.png",
    "pitcher_pod.png",
    "plenty_pottery_sherd.png",
    "prize_pottery_sherd.png",
    "raiser_armor_trim_smithing_template.png",
    "rib_armor_trim_smithing_template.png",
    "sentry_armor_trim_smithing_template.png",
    "shaper_armor_trim_smithing_template.png",
    "sheaf_pottery_sherd.png",
    "shelter_pottery_sherd.png",
    "short_grass.png",
    "silence_armor_trim_smithing_template.png",
    "skull_pottery_sherd.png",
    "sniffer_egg.png",
    "sniffer_spawn_egg.png",
    "snort_pottery_sherd.png",
    "snout_armor_trim_smithing_template.png",
    "spire_armor_trim_smithing_template.png",
    "spruce_hanging_sign.png",
    "stripped_bamboo_block.png",
    "stripped_cherry_log.png",
    "stripped_cherry_wood.png",
    "suspicious_gravel.png",
    "suspicious_sand.png",
    "tide_armor_trim_smithing_template.png",
    "torchflower.png",
    "torchflower_seeds.png",
    "turtle_scute.png",
    "vex_armor_trim_smithing_template.png",
    "ward_armor_trim_smithing_template.png",
    "warped_hanging_sign.png",
    "wayfinder_armor_trim_smithing_template.png",
    "wild_armor_trim_smithing_template.png",
    "wolf_armor.png"
  ],
  "modified": [
    "chain_command_block.png",
    "clock.png",
    "command_block.png",
    "creeper_head.png",
    "crimson_stem.png",
    "debug_stick.png",
    "dragon_head.png",
    "enchanted_book.png",
    "enchanted_golden_apple.png",
    "end_crystal.png",
    "experience_bottle.png",
    "honey_block.png",
    "lingering_potion.png",
    "nether_star.png",
    "player_head.png",
    "potion.png",
    "prismarine.png",
    "prismarine_wall.png",
    "purple_glazed_terracotta.png",
    "recovery_compass.png",
    "repeating_command_block.png",
    "sculk.png",
    "sculk_sensor.png",
    "sculk_shrieker.png",
    "sculk_vein.png",
    "skeleton_skull.png",
    "spawner.png",
    "splash_potion.png",
    "stonecutter.png",
    "tipped_arrow.png",
    "warped_hyphae.png",
    "warped_stem.png",
    "wither_skeleton_skull.png",
    "written_book.png",
    "zombie_head.png"
  ],
  "removed": [
    "grass.png",
    "scute.png"
  ],
  "totalChanges": 141,
  "createdAt": "2025-05-03T12:08:06.665248"
}