{
  "version": "1.21.6",
  "previousVersion": "1.21.5",
  "added": [
    "black_harness.png",
    "blue_harness.png",
    "brown_harness.png",
    "cyan_harness.png",
    "dried_ghast.png",
    "gray_harness.png",
    "green_harness.png",
    "happy_ghast_spawn_egg.png",
    "light_blue_harness.png",
    "light_gray_harness.png",
    "lime_harness.png",
    "magenta_harness.png",
    "music_disc_tears.png",
    "orange_harness.png",
    "pink_harness.png",
    "purple_harness.png",
    "red_harness.png",
    "white_harness.png",
    "yellow_harness.png"
  ],
  "modified": [
    "blaze_spawn_egg.png",
    "breeze_spawn_egg.png",
    "calibrated_sculk_sensor.png",
    "clock.png",
    "cobbled_deepslate_wall.png",
    "command_block.png",
    "compass.png",
    "crimson_hyphae.png",
    "crimson_stem.png",
    "debug_stick.png",
    "diorite_wall.png",
    "enchanted_book.png",
    "enchanted_golden_apple.png",
    "end_crystal.png",
    "experience_bottle.png",
    "exposed_copper_trapdoor.png",
    "frogspawn.png",
    "granite_wall.png",
    "lectern.png",
    "mooshroom_spawn_egg.png",
    "nether_star.png",
    "oak_trapdoor.png",
    "pale_oak_chest_boat.png",
    "prismarine_wall.png",
    "recovery_compass.png",
    "repeating_command_block.png",
    "sculk.png",
    "sculk_sensor.png",
    "sculk_shrieker.png",
    "sculk_vein.png",
    "small_dripleaf.png",
    "stonecutter.png",
    "warped_hyphae.png",
    "warped_stem.png",
    "waxed_exposed_copper_trapdoor.png",
    "waxed_oxidized_copper_trapdoor.png",
    "waxed_weathered_copper_trapdoor.png",
    "weathered_copper_trapdoor.png",
    "written_book.png"
  ],
  "removed": [
    "grass.png",
    "scute.png"
  ],
  "totalChanges": 60,
  "createdAt": "2025-06-21T11:03:05.090624"
}