{
  "version": "1.21.4",
  "previousVersion": "1.20.6",
  "added": [
    "black_bundle.png",
    "blue_bundle.png",
    "bogged_spawn_egg.png",
    "bolt_armor_trim_smithing_template.png",
    "bordure_indented_banner_pattern.png",
    "breeze_rod.png",
    "breeze_spawn_egg.png",
    "brown_bundle.png",
    "chiseled_copper.png",
    "chiseled_resin_bricks.png",
    "chiseled_tuff.png",
    "chiseled_tuff_bricks.png",
    "closed_eyeblossom.png",
    "copper_bulb.png",
    "copper_door.png",
    "copper_grate.png",
    "copper_trapdoor.png",
    "crafter.png",
    "creaking_heart.png",
    "creaking_spawn_egg.png",
    "cyan_bundle.png",
    "exposed_chiseled_copper.png",
    "exposed_copper_bulb.png",
    "exposed_copper_door.png",
    "exposed_copper_grate.png",
    "exposed_copper_trapdoor.png",
    "field_masoned_banner_pattern.png",
    "flow_armor_trim_smithing_template.png",
    "flow_banner_pattern.png",
    "flow_pottery_sherd.png",
    "grass.png",
    "gray_bundle.png",
    "green_bundle.png",
    "guster_banner_pattern.png",
    "guster_pottery_sherd.png",
    "heavy_core.png",
    "light_blue_bundle.png",
    "light_gray_bundle.png",
    "lime_bundle.png",
    "mace.png",
    "magenta_bundle.png",
    "music_disc_creator.png",
    "music_disc_creator_music_box.png",
    "music_disc_precipice.png",
    "ominous_bottle.png",
    "ominous_trial_key.png",
    "open_eyeblossom.png",
    "orange_bundle.png",
    "oxidized_chiseled_copper.png",
    "oxidized_copper_bulb.png",
    "oxidized_copper_door.png",
    "oxidized_copper_grate.png",
    "oxidized_copper_trapdoor.png",
    "pale_hanging_moss.png",
    "pale_moss_block.png",
    "pale_moss_carpet.png",
    "pale_oak_boat.png",
    "pale_oak_button.png",
    "pale_oak_chest_boat.png",
    "pale_oak_door.png",
    "pale_oak_fence.png",
    "pale_oak_fence_gate.png",
    "pale_oak_hanging_sign.png",
    "pale_oak_leaves.png",
    "pale_oak_log.png",
    "pale_oak_planks.png",
    "pale_oak_pressure_plate.png",
    "pale_oak_sapling.png",
    "pale_oak_sign.png",
    "pale_oak_slab.png",
    "pale_oak_stairs.png",
    "pale_oak_trapdoor.png",
    "pale_oak_wood.png",
    "pink_bundle.png",
    "polished_tuff.png",
    "polished_tuff_slab.png",
    "polished_tuff_stairs.png",
    "polished_tuff_wall.png",
    "purple_bundle.png",
    "red_bundle.png",
    "resin_block.png",
    "resin_brick.png",
    "resin_brick_slab.png",
    "resin_brick_stairs.png",
    "resin_brick_wall.png",
    "resin_bricks.png",
    "resin_clump.png",
    "scrape_pottery_sherd.png",
    "scute.png",
    "stripped_pale_oak_log.png",
    "stripped_pale_oak_wood.png",
    "trial_key.png",
    "trial_spawner.png",
    "tuff_brick_slab.png",
    "tuff_brick_stairs.png",
    "tuff_brick_wall.png",
    "tuff_bricks.png",
    "tuff_slab.png",
    "tuff_stairs.png",
    "tuff_wall.png",
    "vault.png",
    "waxed_chiseled_copper.png",
    "waxed_copper_bulb.png",
    "waxed_copper_door.png",
    "waxed_copper_grate.png",
    "waxed_copper_trapdoor.png",
    "waxed_exposed_chiseled_copper.png",
    "waxed_exposed_copper_bulb.png",
    "waxed_exposed_copper_door.png",
    "waxed_exposed_copper_grate.png",
    "waxed_exposed_copper_trapdoor.png",
    "waxed_oxidized_chiseled_copper.png",
    "waxed_oxidized_copper_bulb.png",
    "waxed_oxidized_copper_door.png",
    "waxed_oxidized_copper_grate.png",
    "waxed_oxidized_copper_trapdoor.png",
    "waxed_weathered_chiseled_copper.png",
    "waxed_weathered_copper_bulb.png",
    "waxed_weathered_copper_door.png",
    "waxed_weathered_copper_grate.png",
    "waxed_weathered_copper_trapdoor.png",
    "weathered_chiseled_copper.png",
    "weathered_copper_bulb.png",
    "weathered_copper_door.png",
    "weathered_copper_grate.png",
    "weathered_copper_trapdoor.png",
    "white_bundle.png",
    "wind_charge.png",
    "yellow_bundle.png"
  ],
  "modified": [
    "bundle.png",
    "calibrated_sculk_sensor.png",
    "chain_command_block.png",
    "chiseled_nether_bricks.png",
    "command_block.png",
    "compass.png",
    "cracked_nether_bricks.png",
    "creeper_banner_pattern.png",
    "creeper_head.png",
    "debug_stick.png",
    "dragon_egg.png",
    "dragon_head.png",
    "enchanted_book.png",
    "enchanted_golden_apple.png",
    "end_crystal.png",
    "experience_bottle.png",
    "flower_banner_pattern.png",
    "globe_banner_pattern.png",
    "magma_block.png",
    "mojang_banner_pattern.png",
    "nether_brick_fence.png",
    "nether_brick_slab.png",
    "nether_brick_stairs.png",
    "nether_brick_wall.png",
    "nether_bricks.png",
    "nether_star.png",
    "piglin_banner_pattern.png",
    "piglin_head.png",
    "player_head.png",
    "polished_diorite_slab.png",
    "recovery_compass.png",
    "red_nether_brick_slab.png",
    "red_nether_brick_stairs.png",
    "red_nether_brick_wall.png",
    "red_nether_bricks.png",
    "redstone_torch.png",
    "sculk.png",
    "sculk_sensor.png",
    "sculk_shrieker.png",
    "sculk_vein.png",
    "skeleton_skull.png",
    "skull_banner_pattern.png",
    "small_dripleaf.png",
    "stonecutter.png",
    "warped_hyphae.png",
    "warped_stem.png",
    "wither_skeleton_skull.png",
    "written_book.png",
    "zombie_head.png"
  ],
  "removed": [],
  "totalChanges": 178,
  "createdAt": "2025-05-03T11:55:12.027748"
}