{
  "version": "1.19.4",
  "previousVersion": "1.18.2",
  "added": [
    "acacia_chest_boat.png",
    "allay_spawn_egg.png",
    "birch_chest_boat.png",
    "dark_oak_chest_boat.png",
    "disc_fragment_5.png",
    "echo_shard.png",
    "ender_dragon_spawn_egg.png",
    "frog_spawn_egg.png",
    "frogspawn.png",
    "goat_horn.png",
    "iron_golem_spawn_egg.png",
    "jungle_chest_boat.png",
    "mangrove_boat.png",
    "mangrove_button.png",
    "mangrove_chest_boat.png",
    "mangrove_door.png",
    "mangrove_fence.png",
    "mangrove_fence_gate.png",
    "mangrove_leaves.png",
    "mangrove_log.png",
    "mangrove_planks.png",
    "mangrove_pressure_plate.png",
    "mangrove_propagule.png",
    "mangrove_roots.png",
    "mangrove_sign.png",
    "mangrove_slab.png",
    "mangrove_stairs.png",
    "mangrove_trapdoor.png",
    "mangrove_wood.png",
    "mud.png",
    "mud_brick_slab.png",
    "mud_brick_stairs.png",
    "mud_brick_wall.png",
    "mud_bricks.png",
    "muddy_mangrove_roots.png",
    "music_disc_5.png",
    "oak_chest_boat.png",
    "ochre_froglight.png",
    "packed_mud.png",
    "pearlescent_froglight.png",
    "recovery_compass.png",
    "reinforced_deepslate.png",
    "sculk.png",
    "sculk_catalyst.png",
    "sculk_shrieker.png",
    "sculk_vein.png",
    "snow_golem_spawn_egg.png",
    "spruce_chest_boat.png",
    "stripped_mangrove_log.png",
    "stripped_mangrove_wood.png",
    "tadpole_bucket.png",
    "tadpole_spawn_egg.png",
    "verdant_froglight.png",
    "warden_spawn_egg.png",
    "wither_spawn_egg.png"
  ],
  "modified": [
    "acacia_boat.png",
    "acacia_fence.png",
    "birch_boat.png",
    "birch_fence.png",
    "chain_command_block.png",
    "clock.png",
    "command_block.png",
    "compass.png",
    "crimson_fence.png",
    "crimson_hyphae.png",
    "crimson_stem.png",
    "dark_oak_boat.png",
    "dark_oak_fence.png",
    "debug_stick.png",
    "enchanted_book.png",
    "enchanted_golden_apple.png",
    "end_crystal.png",
    "experience_bottle.png",
    "jungle_boat.png",
    "jungle_fence.png",
    "magma_block.png",
    "mycelium.png",
    "nether_brick_fence.png",
    "nether_star.png",
    "oak_boat.png",
    "oak_fence.png",
    "player_head.png",
    "polar_bear_spawn_egg.png",
    "repeating_command_block.png",
    "scaffolding.png",
    "sculk_sensor.png",
    "spruce_boat.png",
    "spruce_fence.png",
    "stonecutter.png",
    "warped_fence.png",
    "warped_hyphae.png",
    "warped_stem.png",
    "written_book.png"
  ],
  "removed": [],
  "totalChanges": 93,
  "createdAt": "2025-05-03T12:10:36.497754"
}