{
  "version": "1.18.2",
  "previousVersion": "1.17.1",
  "added": [
    "music_disc_otherside.png"
  ],
  "modified": [
    "acacia_door.png",
    "acacia_sign.png",
    "beetroot_seeds.png",
    "birch_door.png",
    "birch_sign.png",
    "campfire.png",
    "cartography_table.png",
    "chain_command_block.png",
    "clock.png",
    "command_block.png",
    "crimson_hyphae.png",
    "crimson_sign.png",
    "crimson_stem.png",
    "dark_oak_door.png",
    "dark_oak_log.png",
    "debug_stick.png",
    "dirt_path.png",
    "enchanted_book.png",
    "enchanted_golden_apple.png",
    "end_crystal.png",
    "experience_bottle.png",
    "glow_item_frame.png",
    "iron_door.png",
    "item_frame.png",
    "jungle_door.png",
    "jungle_sign.png",
    "lectern.png",
    "magma_block.png",
    "melon_seeds.png",
    "nether_star.png",
    "oak_door.png",
    "oak_sign.png",
    "prismarine_slab.png",
    "prismarine_stairs.png",
    "prismarine_wall.png",
    "red_stained_glass.png",
    "repeating_command_block.png",
    "soul_campfire.png",
    "spruce_door.png",
    "spruce_sign.png",
    "stripped_dark_oak_wood.png",
    "warped_sign.png",
    "warped_stem.png",
    "written_book.png"
  ],
  "removed": [],
  "totalChanges": 45,
  "createdAt": "2025-05-03T12:12:05.245576"
}