{
  "version": "1.21.5",
  "previousVersion": "1.21.4",
  "added": [
    "blue_egg.png",
    "brown_egg.png",
    "bush.png",
    "cactus_flower.png",
    "firefly_bush.png",
    "leaf_litter.png",
    "short_dry_grass.png",
    "tall_dry_grass.png",
    "test_block.png",
    "test_instance_block.png",
    "wildflowers.png"
  ],
  "modified": [
    "allay_spawn_egg.png",
    "armadillo_spawn_egg.png",
    "axolotl_spawn_egg.png",
    "bat_spawn_egg.png",
    "bee_spawn_egg.png",
    "blaze_spawn_egg.png",
    "bogged_spawn_egg.png",
    "breeze_spawn_egg.png",
    "calibrated_sculk_sensor.png",
    "camel_spawn_egg.png",
    "cat_spawn_egg.png",
    "cave_spider_spawn_egg.png",
    "chain_command_block.png",
    "chicken_spawn_egg.png",
    "clock.png",
    "cod_spawn_egg.png",
    "compass.png",
    "cow_spawn_egg.png",
    "creaking_spawn_egg.png",
    "creeper_spawn_egg.png",
    "crimson_hyphae.png",
    "crimson_stem.png",
    "debug_stick.png",
    "dolphin_spawn_egg.png",
    "donkey_spawn_egg.png",
    "drowned_spawn_egg.png",
    "elder_guardian_spawn_egg.png",
    "enchanted_book.png",
    "enchanted_golden_apple.png",
    "end_crystal.png",
    "ender_dragon_spawn_egg.png",
    "enderman_spawn_egg.png",
    "endermite_spawn_egg.png",
    "evoker_spawn_egg.png",
    "experience_bottle.png",
    "exposed_copper_trapdoor.png",
    "fox_spawn_egg.png",
    "frog_spawn_egg.png",
    "ghast_spawn_egg.png",
    "glow_squid_spawn_egg.png",
    "goat_spawn_egg.png",
    "guardian_spawn_egg.png",
    "hoglin_spawn_egg.png",
    "horse_spawn_egg.png",
    "husk_spawn_egg.png",
    "iron_golem_spawn_egg.png",
    "llama_spawn_egg.png",
    "magma_block.png",
    "magma_cube_spawn_egg.png",
    "mooshroom_spawn_egg.png",
    "mule_spawn_egg.png",
    "nether_star.png",
    "ocelot_spawn_egg.png",
    "panda_spawn_egg.png",
    "parrot_spawn_egg.png",
    "phantom_spawn_egg.png",
    "pig_spawn_egg.png",
    "piglin_brute_spawn_egg.png",
    "piglin_spawn_egg.png",
    "pillager_spawn_egg.png",
    "polar_bear_spawn_egg.png",
    "polished_diorite_slab.png",
    "pufferfish_spawn_egg.png",
    "rabbit_spawn_egg.png",
    "ravager_spawn_egg.png",
    "recovery_compass.png",
    "salmon_spawn_egg.png",
    "sculk.png",
    "sculk_sensor.png",
    "sculk_shrieker.png",
    "sculk_vein.png",
    "sheep_spawn_egg.png",
    "shulker_spawn_egg.png",
    "silverfish_spawn_egg.png",
    "skeleton_horse_spawn_egg.png",
    "skeleton_spawn_egg.png",
    "slime_spawn_egg.png",
    "sniffer_spawn_egg.png",
    "snow_golem_spawn_egg.png",
    "spider_spawn_egg.png",
    "squid_spawn_egg.png",
    "stonecutter.png",
    "stray_spawn_egg.png",
    "strider_spawn_egg.png",
    "tadpole_spawn_egg.png",
    "trader_llama_spawn_egg.png",
    "tropical_fish_spawn_egg.png",
    "turtle_spawn_egg.png",
    "vex_spawn_egg.png",
    "villager_spawn_egg.png",
    "vindicator_spawn_egg.png",
    "wandering_trader_spawn_egg.png",
    "warden_spawn_egg.png",
    "warped_hyphae.png",
    "warped_stem.png",
    "waxed_exposed_copper_trapdoor.png",
    "waxed_weathered_copper_trapdoor.png",
    "weathered_copper_trapdoor.png",
    "witch_spawn_egg.png",
    "wither_skeleton_spawn_egg.png",
    "wither_spawn_egg.png",
    "wolf_spawn_egg.png",
    "written_book.png",
    "zoglin_spawn_egg.png",
    "zombie_horse_spawn_egg.png",
    "zombie_spawn_egg.png",
    "zombie_villager_spawn_egg.png",
    "zombified_piglin_spawn_egg.png"
  ],
  "removed": [],
  "totalChanges": 119,
  "createdAt": "2025-03-29T14:09:38.779100"
}