{
  "version": "1.16.5",
  "previousVersion": "1.15.2",
  "added": [
    "ancient_debris.png",
    "basalt.png",
    "blackstone.png",
    "blackstone_slab.png",
    "blackstone_stairs.png",
    "blackstone_wall.png",
    "chain.png",
    "chiseled_nether_bricks.png",
    "chiseled_polished_blackstone.png",
    "cracked_nether_bricks.png",
    "cracked_polished_blackstone_bricks.png",
    "gilded_blackstone.png",
    "hoglin_spawn_egg.png",
    "lodestone.png",
    "music_disc_pigstep.png",
    "nether_gold_ore.png",
    "nether_sprouts.png",
    "netherite_axe.png",
    "netherite_block.png",
    "netherite_boots.png",
    "netherite_chestplate.png",
    "netherite_helmet.png",
    "netherite_hoe.png",
    "netherite_ingot.png",
    "netherite_leggings.png",
    "netherite_pickaxe.png",
    "netherite_scrap.png",
    "netherite_shovel.png",
    "netherite_sword.png",
    "piglin_banner_pattern.png",
    "piglin_brute_spawn_egg.png",
    "piglin_spawn_egg.png",
    "polished_basalt.png",
    "polished_blackstone.png",
    "polished_blackstone_brick_slab.png",
    "polished_blackstone_brick_stairs.png",
    "polished_blackstone_brick_wall.png",
    "polished_blackstone_bricks.png",
    "polished_blackstone_button.png",
    "polished_blackstone_pressure_plate.png",
    "polished_blackstone_slab.png",
    "polished_blackstone_stairs.png",
    "polished_blackstone_wall.png",
    "quartz_bricks.png",
    "respawn_anchor.png",
    "shroomlight.png",
    "soul_campfire.png",
    "soul_lantern.png",
    "soul_soil.png",
    "soul_torch.png",
    "strider_spawn_egg.png",
    "stripped_crimson_hyphae.png",
    "stripped_crimson_stem.png",
    "stripped_warped_hyphae.png",
    "stripped_warped_stem.png",
    "target.png",
    "twisting_vines.png",
    "warped_button.png",
    "warped_door.png",
    "warped_fence.png",
    "warped_fence_gate.png",
    "warped_fungus.png",
    "warped_fungus_on_a_stick.png",
    "warped_hyphae.png",
    "warped_nylium.png",
    "warped_planks.png",
    "warped_pressure_plate.png",
    "warped_roots.png",
    "warped_sign.png",
    "warped_slab.png",
    "warped_stairs.png",
    "warped_stem.png",
    "warped_trapdoor.png",
    "warped_wart_block.png",
    "weeping_vines.png",
    "zoglin_spawn_egg.png",
    "zombified_piglin_spawn_egg.png"
  ],
  "modified": [
    "black_banner.png",
    "blue_banner.png",
    "brown_banner.png",
    "chain_command_block.png",
    "clock.png",
    "command_block.png",
    "compass.png",
    "debug_stick.png",
    "diamond_hoe.png",
    "diamond_pickaxe.png",
    "dragon_head.png",
    "enchanted_book.png",
    "enchanted_golden_apple.png",
    "end_crystal.png",
    "experience_bottle.png",
    "golden_pickaxe.png",
    "gray_banner.png",
    "green_banner.png",
    "jigsaw.png",
    "light_blue_banner.png",
    "light_gray_banner.png",
    "light_gray_stained_glass.png",
    "lime_banner.png",
    "magenta_banner.png",
    "magma_block.png",
    "nether_star.png",
    "nether_wart_block.png",
    "orange_banner.png",
    "pink_banner.png",
    "purple_banner.png",
    "red_banner.png",
    "repeating_command_block.png",
    "sticky_piston.png",
    "stonecutter.png",
    "white_banner.png",
    "wooden_hoe.png",
    "written_book.png",
    "yellow_banner.png"
  ],
  "removed": [
    "creeper_banner_pattern.png",
    "crossbow.png",
    "cut_red_sandstone.png",
    "cut_red_sandstone_slab.png",
    "cut_sandstone.png",
    "cut_sandstone_slab.png",
    "cyan_banner.png",
    "cyan_bed.png",
    "cyan_carpet.png",
    "cyan_concrete.png",
    "cyan_concrete_powder.png",
    "cyan_dye.png",
    "cyan_glazed_terracotta.png",
    "cyan_shulker_box.png",
    "cyan_stained_glass.png",
    "cyan_stained_glass_pane.png",
    "cyan_terracotta.png",
    "cyan_wool.png",
    "zombie_pigman_spawn_egg.png"
  ],
  "totalChanges": 134,
  "createdAt": "2025-05-03T12:15:33.251986"
}