{
  "version": "1.21.10",
  "previousVersion": "1.21.6",
  "added": [
    "acacia_shelf.png",
    "bamboo_shelf.png",
    "birch_shelf.png",
    "cherry_shelf.png",
    "copper_axe.png",
    "copper_bars.png",
    "copper_boots.png",
    "copper_chain.png",
    "copper_chest.png",
    "copper_chestplate.png",
    "copper_golem_spawn_egg.png",
    "copper_golem_statue.png",
    "copper_helmet.png",
    "copper_hoe.png",
    "copper_horse_armor.png",
    "copper_lantern.png",
    "copper_leggings.png",
    "copper_nugget.png",
    "copper_pickaxe.png",
    "copper_shovel.png",
    "copper_sword.png",
    "copper_torch.png",
    "crimson_shelf.png",
    "dark_oak_shelf.png",
    "exposed_copper_bars.png",
    "exposed_copper_chain.png",
    "exposed_copper_chest.png",
    "exposed_copper_golem_statue.png",
    "exposed_copper_lantern.png",
    "exposed_lightning_rod.png",
    "iron_chain.png",
    "jungle_shelf.png",
    "mangrove_shelf.png",
    "music_disc_lava_chicken.png",
    "oak_shelf.png",
    "oxidized_copper_bars.png",
    "oxidized_copper_chain.png",
    "oxidized_copper_chest.png",
    "oxidized_copper_golem_statue.png",
    "oxidized_copper_lantern.png",
    "oxidized_lightning_rod.png",
    "pale_oak_shelf.png",
    "spruce_shelf.png",
    "warped_shelf.png",
    "waxed_copper_bars.png",
    "waxed_copper_chain.png",
    "waxed_copper_chest.png",
    "waxed_copper_golem_statue.png",
    "waxed_copper_lantern.png",
    "waxed_exposed_copper_bars.png",
    "waxed_exposed_copper_chain.png",
    "waxed_exposed_copper_chest.png",
    "waxed_exposed_copper_golem_statue.png",
    "waxed_exposed_copper_lantern.png",
    "waxed_exposed_lightning_rod.png",
    "waxed_lightning_rod.png",
    "waxed_oxidized_copper_bars.png",
    "waxed_oxidized_copper_chain.png",
    "waxed_oxidized_copper_chest.png",
    "waxed_oxidized_copper_golem_statue.png",
    "waxed_oxidized_copper_lantern.png",
    "waxed_oxidized_lightning_rod.png",
    "waxed_weathered_copper_bars.png",
    "waxed_weathered_copper_chain.png",
    "waxed_weathered_copper_chest.png",
    "waxed_weathered_copper_golem_statue.png",
    "waxed_weathered_copper_lantern.png",
    "waxed_weathered_lightning_rod.png",
    "weathered_copper_bars.png",
    "weathered_copper_chain.png",
    "weathered_copper_chest.png",
    "weathered_copper_golem_statue.png",
    "weathered_copper_lantern.png",
    "weathered_lightning_rod.png"
  ],
  "modified": [
    "black_dye.png",
    "blue_dye.png",
    "brown_dye.png",
    "calibrated_sculk_sensor.png",
    "chain_command_block.png",
    "clock.png",
    "cobblestone_wall.png",
    "command_block.png",
    "compass.png",
    "copper_trapdoor.png",
    "crimson_hyphae.png",
    "cyan_dye.png",
    "debug_stick.png",
    "diorite_wall.png",
    "enchanted_book.png",
    "enchanted_golden_apple.png",
    "end_crystal.png",
    "end_portal_frame.png",
    "experience_bottle.png",
    "granite_wall.png",
    "gray_dye.png",
    "green_dye.png",
    "green_wool.png",
    "iron_trapdoor.png",
    "light_blue_dye.png",
    "light_gray_dye.png",
    "lime_dye.png",
    "magenta_dye.png",
    "magma_block.png",
    "mossy_stone_brick_wall.png",
    "nether_star.png",
    "orange_dye.png",
    "pink_dye.png",
    "prismarine.png",
    "prismarine_slab.png",
    "prismarine_stairs.png",
    "prismarine_wall.png",
    "purple_dye.png",
    "recovery_compass.png",
    "red_dye.png",
    "repeating_command_block.png",
    "sculk_sensor.png",
    "sculk_shrieker.png",
    "slime_block.png",
    "stripped_acacia_log.png",
    "warped_hyphae.png",
    "waxed_copper_trapdoor.png",
    "waxed_oxidized_copper_trapdoor.png",
    "white_dye.png",
    "written_book.png",
    "yellow_dye.png",
    "yellow_wool.png"
  ],
  "removed": [],
  "totalChanges": 126,
  "createdAt": "2025-11-16T16:28:42.043086"
}